--
-- PostgreSQL database dump
--

-- Dumped from database version 11.9 (Debian 11.9-0+deb10u1)
-- Dumped by pg_dump version 11.9 (Debian 11.9-0+deb10u1)

SET statement_timeout = 0;
SET lock_timeout = 0;
SET idle_in_transaction_session_timeout = 0;
SET client_encoding = 'UTF8';
SET standard_conforming_strings = on;
SELECT pg_catalog.set_config('search_path', '', false);
SET check_function_bodies = false;
SET xmloption = content;
SET client_min_messages = warning;
SET row_security = off;

--
-- Data for Name: auth_group; Type: TABLE DATA; Schema: public; Owner: postgres
--

COPY public.auth_group (id, name) FROM stdin;
\.


--
-- Data for Name: django_content_type; Type: TABLE DATA; Schema: public; Owner: postgres
--

COPY public.django_content_type (id, app_label, model) FROM stdin;
1	admin	logentry
2	auth	permission
3	auth	group
4	auth	user
5	contenttypes	contenttype
6	sessions	session
7	filmonweb_app	genre
8	filmonweb_app	movie
9	filmonweb_app	person
10	filmonweb_app	personmovie
\.


--
-- Data for Name: auth_permission; Type: TABLE DATA; Schema: public; Owner: postgres
--

COPY public.auth_permission (id, name, content_type_id, codename) FROM stdin;
1	Can add log entry	1	add_logentry
2	Can change log entry	1	change_logentry
3	Can delete log entry	1	delete_logentry
4	Can view log entry	1	view_logentry
5	Can add permission	2	add_permission
6	Can change permission	2	change_permission
7	Can delete permission	2	delete_permission
8	Can view permission	2	view_permission
9	Can add group	3	add_group
10	Can change group	3	change_group
11	Can delete group	3	delete_group
12	Can view group	3	view_group
13	Can add user	4	add_user
14	Can change user	4	change_user
15	Can delete user	4	delete_user
16	Can view user	4	view_user
17	Can add content type	5	add_contenttype
18	Can change content type	5	change_contenttype
19	Can delete content type	5	delete_contenttype
20	Can view content type	5	view_contenttype
21	Can add session	6	add_session
22	Can change session	6	change_session
23	Can delete session	6	delete_session
24	Can view session	6	view_session
25	Can add genre	7	add_genre
26	Can change genre	7	change_genre
27	Can delete genre	7	delete_genre
28	Can view genre	7	view_genre
29	Can add movie	8	add_movie
30	Can change movie	8	change_movie
31	Can delete movie	8	delete_movie
32	Can view movie	8	view_movie
33	Can add person	9	add_person
34	Can change person	9	change_person
35	Can delete person	9	delete_person
36	Can view person	9	view_person
37	Can add person movie	10	add_personmovie
38	Can change person movie	10	change_personmovie
39	Can delete person movie	10	delete_personmovie
40	Can view person movie	10	view_personmovie
\.


--
-- Data for Name: auth_group_permissions; Type: TABLE DATA; Schema: public; Owner: postgres
--

COPY public.auth_group_permissions (id, group_id, permission_id) FROM stdin;
\.


--
-- Data for Name: auth_user; Type: TABLE DATA; Schema: public; Owner: postgres
--

COPY public.auth_user (id, password, last_login, is_superuser, username, first_name, last_name, email, is_staff, is_active, date_joined) FROM stdin;
\.


--
-- Data for Name: auth_user_groups; Type: TABLE DATA; Schema: public; Owner: postgres
--

COPY public.auth_user_groups (id, user_id, group_id) FROM stdin;
\.


--
-- Data for Name: auth_user_user_permissions; Type: TABLE DATA; Schema: public; Owner: postgres
--

COPY public.auth_user_user_permissions (id, user_id, permission_id) FROM stdin;
\.


--
-- Data for Name: django_admin_log; Type: TABLE DATA; Schema: public; Owner: postgres
--

COPY public.django_admin_log (id, action_time, object_id, object_repr, action_flag, change_message, content_type_id, user_id) FROM stdin;
\.


--
-- Data for Name: django_migrations; Type: TABLE DATA; Schema: public; Owner: postgres
--

COPY public.django_migrations (id, app, name, applied) FROM stdin;
1	contenttypes	0001_initial	2021-01-26 07:02:35.914711+01
2	auth	0001_initial	2021-01-26 07:02:35.969455+01
3	admin	0001_initial	2021-01-26 07:02:36.025176+01
4	admin	0002_logentry_remove_auto_add	2021-01-26 07:02:36.04375+01
5	admin	0003_logentry_add_action_flag_choices	2021-01-26 07:02:36.052585+01
6	contenttypes	0002_remove_content_type_name	2021-01-26 07:02:36.069204+01
7	auth	0002_alter_permission_name_max_length	2021-01-26 07:02:36.083867+01
8	auth	0003_alter_user_email_max_length	2021-01-26 07:02:36.092666+01
9	auth	0004_alter_user_username_opts	2021-01-26 07:02:36.101463+01
10	auth	0005_alter_user_last_login_null	2021-01-26 07:02:36.11124+01
11	auth	0006_require_contenttypes_0002	2021-01-26 07:02:36.117104+01
12	auth	0007_alter_validators_add_error_messages	2021-01-26 07:02:36.127858+01
13	auth	0008_alter_user_username_max_length	2021-01-26 07:02:36.145454+01
14	auth	0009_alter_user_last_name_max_length	2021-01-26 07:02:36.15523+01
15	auth	0010_alter_group_name_max_length	2021-01-26 07:02:36.167938+01
16	auth	0011_update_proxy_permissions	2021-01-26 07:02:36.178692+01
17	auth	0012_alter_user_first_name_max_length	2021-01-26 07:02:36.188468+01
18	filmonweb_app	0001_initial	2021-01-26 07:02:36.210231+01
19	filmonweb_app	0002_auto_20210125_2110	2021-01-26 07:02:36.216096+01
20	filmonweb_app	0003_auto_20210125_2114	2021-01-26 07:02:36.22685+01
21	filmonweb_app	0004_auto_20210125_2206	2021-01-26 07:02:36.254295+01
22	sessions	0001_initial	2021-01-26 07:02:36.281667+01
\.


--
-- Data for Name: django_session; Type: TABLE DATA; Schema: public; Owner: postgres
--

COPY public.django_session (session_key, session_data, expire_date) FROM stdin;
\.


--
-- Data for Name: filmonweb_app_genre; Type: TABLE DATA; Schema: public; Owner: postgres
--

COPY public.filmonweb_app_genre (id, name) FROM stdin;
1	horror
2	kryminał
3	dramat
4	przygodowy
5	dokumentalny
6	thriller
7	obyczajowy
8	wojenny
9	sensacyjny
10	psychologiczny
\.


--
-- Data for Name: filmonweb_app_person; Type: TABLE DATA; Schema: public; Owner: postgres
--

COPY public.filmonweb_app_person (id, first_name, last_name) FROM stdin;
1	Wiesław	Dymny
2	Jan	Hryniak
3	Wojciech	Zimiński
4	Małgorzata	Szumowska
5	Krzysztof	Kieślowski
6	Andrzej	Wajda
7	Tadeusz	Konwicki
8	Krzysztof	Krauze
9	Andrzej	Munk
10	Krzysztof	Zanussi
11	Jerzy	Andrzejewski
12	Tadeusz	Chmielewski
13	Stanisław	Dygat
14	Jan Jakub	Kolski
15	Grażyna	Błęcka-Kolska
16	Mariusz	Saniternik
17	Franciszek	Pieczka
18	Władysław	Pasikowski
19	Bogusław	Linda
20	Marek	Kondrat
21	Cezary	Pazura
22	Artur	Zmijewski
23	Magdalena	Dourian
24	Tadeusz	Huk
25	Mirosław	Baka
26	Olaf	Lubaszenko
27	Maciej	Dejczer
28	Cezary	Harasimowicz
29	Til	Schweiger
30	Polly	Walker
31	Ida	Jabłońska
32	Wojciech	Klata
33	Adrianna	biedrzyńska
34	Jadwiga	Jankowska-Cieślak
35	Andrzej	Mellin
36	Rafał	Zimowski
37	Dariusz	Kordek
38	Maciej	Kozłowski
39	Ewa	Bukowska
40	Agnieszka	Różańska
\.


--
-- Data for Name: filmonweb_app_movie; Type: TABLE DATA; Schema: public; Owner: postgres
--

COPY public.filmonweb_app_movie (id, title, year, rating, director_id, screenplay_id) FROM stdin;
1	Trzeci	2005	7.70000000000000018	12	13
2	Drugi	1986	3.29999999999999982	12	6
3	Pograbek	1992	8.80000000000000071	14	14
4	Psy	1992	7.90000000000000036	18	18
5	Psy 2. Ostatnia krew	1994	8.30000000000000071	18	18
6	Demony wojny według Goi	1998	8.5	18	18
7	Bandyta	1997	9.80000000000000071	27	28
8	300 mil do nieba	1989	8.90000000000000036	27	28
9	Kroll	1991	7.79999999999999982	18	18
\.


--
-- Data for Name: filmonweb_app_movie_genre; Type: TABLE DATA; Schema: public; Owner: postgres
--

COPY public.filmonweb_app_movie_genre (id, movie_id, genre_id) FROM stdin;
1	3	7
2	1	7
3	4	2
4	4	3
5	5	2
6	6	8
7	6	9
8	6	3
9	7	10
10	7	3
11	7	7
12	8	10
13	8	7
14	9	9
15	9	3
\.


--
-- Data for Name: filmonweb_app_personmovie; Type: TABLE DATA; Schema: public; Owner: postgres
--

COPY public.filmonweb_app_personmovie (id, role, movie_id, person_id) FROM stdin;
7	kucharz	1	7
8	blacharz	1	3
9	baron	2	3
11	Kaczuba	3	17
10	Kuśtyczka	3	15
13	Waldemar Morawiec	4	21
12	Franciszek Mauer	4	19
14	Franciszek Mauer	5	19
15	Radosław Wolf	5	22
16	Nadia	5	23
17	mjr Edward Keller	6	19
18	mjr Czesław Kusz	6	24
19	por. Czacki	6	26
20	plut. Cichy	6	25
21	Brute	7	29
22	Mara	7	30
23	Elena	7	31
24	Grześ Kwiatkowski	8	32
25	Jędrek Kwiatkowski	8	36
26	Tadeusz Kwiatkowski, ojciec	8	35
27	Barbara Kwiatkowska, matka	8	34
28	dziennikarka	8	33
29	Marcin Kroll	9	26
30	por. Arek	9	19
31	Kuba Berger	9	37
32	kapral Edward Wiaderny	9	21
33	kapitan	9	38
34	Agata, żona Krolla	9	39
35	Marta, siostra Krolla	9	40
\.


--
-- Name: auth_group_id_seq; Type: SEQUENCE SET; Schema: public; Owner: postgres
--

SELECT pg_catalog.setval('public.auth_group_id_seq', 1, false);


--
-- Name: auth_group_permissions_id_seq; Type: SEQUENCE SET; Schema: public; Owner: postgres
--

SELECT pg_catalog.setval('public.auth_group_permissions_id_seq', 1, false);


--
-- Name: auth_permission_id_seq; Type: SEQUENCE SET; Schema: public; Owner: postgres
--

SELECT pg_catalog.setval('public.auth_permission_id_seq', 40, true);


--
-- Name: auth_user_groups_id_seq; Type: SEQUENCE SET; Schema: public; Owner: postgres
--

SELECT pg_catalog.setval('public.auth_user_groups_id_seq', 1, false);


--
-- Name: auth_user_id_seq; Type: SEQUENCE SET; Schema: public; Owner: postgres
--

SELECT pg_catalog.setval('public.auth_user_id_seq', 1, false);


--
-- Name: auth_user_user_permissions_id_seq; Type: SEQUENCE SET; Schema: public; Owner: postgres
--

SELECT pg_catalog.setval('public.auth_user_user_permissions_id_seq', 1, false);


--
-- Name: django_admin_log_id_seq; Type: SEQUENCE SET; Schema: public; Owner: postgres
--

SELECT pg_catalog.setval('public.django_admin_log_id_seq', 1, false);


--
-- Name: django_content_type_id_seq; Type: SEQUENCE SET; Schema: public; Owner: postgres
--

SELECT pg_catalog.setval('public.django_content_type_id_seq', 10, true);


--
-- Name: django_migrations_id_seq; Type: SEQUENCE SET; Schema: public; Owner: postgres
--

SELECT pg_catalog.setval('public.django_migrations_id_seq', 22, true);


--
-- Name: filmonweb_app_genre_id_seq; Type: SEQUENCE SET; Schema: public; Owner: postgres
--

SELECT pg_catalog.setval('public.filmonweb_app_genre_id_seq', 10, true);


--
-- Name: filmonweb_app_movie_genre_id_seq; Type: SEQUENCE SET; Schema: public; Owner: postgres
--

SELECT pg_catalog.setval('public.filmonweb_app_movie_genre_id_seq', 15, true);


--
-- Name: filmonweb_app_movie_id_seq; Type: SEQUENCE SET; Schema: public; Owner: postgres
--

SELECT pg_catalog.setval('public.filmonweb_app_movie_id_seq', 9, true);


--
-- Name: filmonweb_app_person_id_seq; Type: SEQUENCE SET; Schema: public; Owner: postgres
--

SELECT pg_catalog.setval('public.filmonweb_app_person_id_seq', 40, true);


--
-- Name: filmonweb_app_personmovie_id_seq; Type: SEQUENCE SET; Schema: public; Owner: postgres
--

SELECT pg_catalog.setval('public.filmonweb_app_personmovie_id_seq', 35, true);


--
-- PostgreSQL database dump complete
--

